userId,id,title,body
1,1,Cost Accountant,eleifend pede libero quis orci nullam molestie nibh in lectus
1,2,VP Accounting,mauris enim leo rhoncus sed vestibulum sit amet cursus id turpis
1,3,Internal Auditor,odio curabitur convallis duis consequat dui nec nisi volutpat eleifend donec ut dolor morbi
1,4,Structural Engineer,cubilia curae donec pharetra magna vestibulum aliquet ultrices erat tortor sollicitudin mi sit amet lobortis
1,5,Programmer Analyst II,sapien sapien non mi integer ac neque duis bibendum morbi non quam
1,6,Computer Systems Analyst III,erat nulla tempus vivamus in felis eu sapien cursus vestibulum proin eu mi nulla ac
1,7,Chief Design Engineer,elit sodales scelerisque mauris sit amet eros suspendisse accumsan tortor quis turpis sed ante
1,8,Developer IV,vivamus vel nulla eget eros elementum pellentesque quisque porta volutpat erat quisque erat eros viverra
1,9,Staff Scientist,consectetuer adipiscing elit proin interdum mauris non ligula pellentesque ultrices phasellus id sapien in sapien iaculis congue vivamus
1,10,Internal Auditor,id turpis integer aliquet massa id lobortis convallis tortor risus dapibus augue vel accumsan tellus nisi eu
1,11,Recruiting Manager,nulla suspendisse potenti cras in purus eu magna vulputate luctus cum sociis natoque penatibus et magnis dis parturient
1,12,Web Developer II,volutpat eleifend donec ut dolor morbi vel lectus in quam fringilla rhoncus mauris enim leo rhoncus sed
1,13,Product Engineer,pulvinar nulla pede ullamcorper augue a suscipit nulla elit ac nulla sed vel enim sit amet nunc viverra dapibus
1,14,Civil Engineer,phasellus id sapien in sapien iaculis congue vivamus metus arcu adipiscing molestie hendrerit
1,15,Food Chemist,sapien varius ut blandit non interdum in ante vestibulum ante ipsum primis in
1,16,Geologist II,accumsan tellus nisi eu orci mauris lacinia sapien quis libero nullam sit amet turpis elementum ligula
1,17,Staff Scientist,sed lacus morbi sem mauris laoreet ut rhoncus aliquet pulvinar sed nisl nunc rhoncus dui
1,18,Operator,adipiscing molestie hendrerit at vulputate vitae nisl aenean lectus pellentesque eget nunc
1,19,Dental Hygienist,morbi vel lectus in quam fringilla rhoncus mauris enim leo rhoncus sed vestibulum
1,20,Help Desk Technician,neque sapien placerat ante nulla justo aliquam quis turpis eget elit sodales scelerisque mauris sit amet
1,21,Web Developer III,blandit nam nulla integer pede justo lacinia eget tincidunt eget tempus vel pede morbi porttitor
1,22,Chemical Engineer,vestibulum ante ipsum primis in faucibus orci luctus et ultrices posuere
1,23,Civil Engineer,feugiat non pretium quis lectus suspendisse potenti in eleifend quam
1,24,Business Systems Development Analyst,vestibulum velit id pretium iaculis diam erat fermentum justo nec condimentum neque sapien placerat
1,25,Staff Accountant II,nulla mollis molestie lorem quisque ut erat curabitur gravida nisi at nibh
1,26,Compensation Analyst,donec quis orci eget orci vehicula condimentum curabitur in libero ut massa
1,27,Recruiter,vel augue vestibulum rutrum rutrum neque aenean auctor gravida sem praesent id massa id nisl venenatis
1,28,Recruiter,vel lectus in quam fringilla rhoncus mauris enim leo rhoncus sed vestibulum sit
1,29,Quality Engineer,nulla pede ullamcorper augue a suscipit nulla elit ac nulla sed vel enim sit amet nunc viverra dapibus nulla
1,30,Senior Sales Associate,mi sit amet lobortis sapien sapien non mi integer ac neque
1,31,Speech Pathologist,ut suscipit a feugiat et eros vestibulum ac est lacinia nisi venenatis tristique
1,32,Programmer II,imperdiet sapien urna pretium nisl ut volutpat sapien arcu sed augue aliquam erat volutpat in
1,33,Nurse Practicioner,nibh quisque id justo sit amet sapien dignissim vestibulum vestibulum ante ipsum primis in faucibus orci luctus et
1,34,Web Designer II,ut nulla sed accumsan felis ut at dolor quis odio
1,35,Registered Nurse,nulla ultrices aliquet maecenas leo odio condimentum id luctus nec molestie sed justo pellentesque viverra pede ac
1,36,Help Desk Operator,vel augue vestibulum ante ipsum primis in faucibus orci luctus et
1,37,Administrative Officer,suspendisse accumsan tortor quis turpis sed ante vivamus tortor duis mattis
1,38,Actuary,diam vitae quam suspendisse potenti nullam porttitor lacus at turpis donec
1,39,Information Systems Manager,ac neque duis bibendum morbi non quam nec dui luctus rutrum
1,40,Teacher,nullam orci pede venenatis non sodales sed tincidunt eu felis fusce posuere felis sed lacus morbi sem mauris laoreet
1,41,Sales Associate,purus phasellus in felis donec semper sapien a libero nam dui proin
1,42,Senior Developer,nulla pede ullamcorper augue a suscipit nulla elit ac nulla sed vel enim
1,43,Senior Financial Analyst,sapien a libero nam dui proin leo odio porttitor id consequat in consequat ut nulla sed
1,44,Safety Technician I,vivamus tortor duis mattis egestas metus aenean fermentum donec ut mauris eget massa tempor convallis
1,45,Graphic Designer,nec euismod scelerisque quam turpis adipiscing lorem vitae mattis nibh ligula nec sem duis aliquam convallis nunc proin at turpis
1,46,Administrative Assistant I,et ultrices posuere cubilia curae duis faucibus accumsan odio curabitur convallis duis consequat dui nec nisi volutpat eleifend
1,47,Assistant Manager,metus sapien ut nunc vestibulum ante ipsum primis in faucibus orci luctus et ultrices posuere cubilia curae mauris
1,48,Analog Circuit Design manager,eget nunc donec quis orci eget orci vehicula condimentum curabitur in libero ut massa volutpat convallis
1,49,Librarian,lacinia nisi venenatis tristique fusce congue diam id ornare imperdiet
1,50,Web Designer III,pretium iaculis diam erat fermentum justo nec condimentum neque sapien placerat
1,51,Electrical Engineer,quam sapien varius ut blandit non interdum in ante vestibulum ante ipsum
1,52,Biostatistician IV,in magna bibendum imperdiet nullam orci pede venenatis non sodales sed tincidunt eu felis fusce posuere felis
1,53,Health Coach III,justo maecenas rhoncus aliquam lacus morbi quis tortor id nulla
1,54,Project Manager,aenean auctor gravida sem praesent id massa id nisl venenatis lacinia aenean sit
1,55,Programmer Analyst IV,at dolor quis odio consequat varius integer ac leo pellentesque ultrices mattis odio donec vitae nisi nam ultrices
1,56,Nurse,eu tincidunt in leo maecenas pulvinar lobortis est phasellus sit amet erat nulla tempus vivamus in felis eu sapien
1,57,Tax Accountant,eget rutrum at lorem integer tincidunt ante vel ipsum praesent blandit lacinia erat vestibulum sed magna at
1,58,Sales Representative,odio justo sollicitudin ut suscipit a feugiat et eros vestibulum
1,59,Structural Analysis Engineer,auctor sed tristique in tempus sit amet sem fusce consequat nulla nisl nunc nisl duis bibendum felis sed interdum
1,60,Account Representative III,cum sociis natoque penatibus et magnis dis parturient montes nascetur ridiculus mus etiam vel augue vestibulum rutrum rutrum neque
1,61,Marketing Manager,a nibh in quis justo maecenas rhoncus aliquam lacus morbi quis tortor id nulla ultrices aliquet maecenas leo
1,62,Desktop Support Technician,nulla quisque arcu libero rutrum ac lobortis vel dapibus at
1,63,Programmer Analyst I,sapien placerat ante nulla justo aliquam quis turpis eget elit sodales
1,64,Junior Executive,est donec odio justo sollicitudin ut suscipit a feugiat et eros vestibulum ac est lacinia nisi venenatis tristique
1,65,Assistant Professor,quam fringilla rhoncus mauris enim leo rhoncus sed vestibulum sit amet cursus id turpis integer aliquet massa id
1,66,Design Engineer,nulla ultrices aliquet maecenas leo odio condimentum id luctus nec molestie sed justo
1,67,Tax Accountant,mi pede malesuada in imperdiet et commodo vulputate justo in blandit ultrices
1,68,Director of Sales,rhoncus aliquam lacus morbi quis tortor id nulla ultrices aliquet maecenas leo odio condimentum id
1,69,Engineer II,ac leo pellentesque ultrices mattis odio donec vitae nisi nam ultrices libero non mattis pulvinar nulla
1,70,Executive Secretary,semper porta volutpat quam pede lobortis ligula sit amet eleifend pede libero quis orci nullam molestie nibh in lectus pellentesque
1,71,Account Coordinator,luctus et ultrices posuere cubilia curae donec pharetra magna vestibulum aliquet ultrices
1,72,Internal Auditor,quam pharetra magna ac consequat metus sapien ut nunc vestibulum ante
1,73,Staff Accountant III,curabitur at ipsum ac tellus semper interdum mauris ullamcorper purus sit amet nulla quisque
1,74,Sales Representative,ultrices posuere cubilia curae donec pharetra magna vestibulum aliquet ultrices erat
1,75,Software Test Engineer IV,eget semper rutrum nulla nunc purus phasellus in felis donec semper
1,76,Web Developer II,leo odio porttitor id consequat in consequat ut nulla sed accumsan felis ut at dolor quis
1,77,Staff Accountant II,venenatis lacinia aenean sit amet justo morbi ut odio cras mi pede malesuada in imperdiet et commodo vulputate
1,78,Financial Analyst,urna ut tellus nulla ut erat id mauris vulputate elementum nullam varius nulla facilisi
1,79,Desktop Support Technician,ultrices posuere cubilia curae donec pharetra magna vestibulum aliquet ultrices
1,80,Environmental Specialist,dictumst maecenas ut massa quis augue luctus tincidunt nulla mollis molestie lorem quisque ut erat curabitur gravida nisi
1,81,Speech Pathologist,enim lorem ipsum dolor sit amet consectetuer adipiscing elit proin interdum mauris non ligula pellentesque ultrices
1,82,Sales Representative,vel nisl duis ac nibh fusce lacus purus aliquet at feugiat non pretium quis lectus suspendisse potenti
1,83,Database Administrator IV,libero nullam sit amet turpis elementum ligula vehicula consequat morbi a ipsum
1,84,Cost Accountant,nullam porttitor lacus at turpis donec posuere metus vitae ipsum aliquam non
1,85,Web Developer III,sit amet eleifend pede libero quis orci nullam molestie nibh
1,86,Teacher,euismod scelerisque quam turpis adipiscing lorem vitae mattis nibh ligula nec sem duis aliquam convallis nunc proin at turpis a
1,87,Junior Executive,fringilla rhoncus mauris enim leo rhoncus sed vestibulum sit amet cursus id turpis integer aliquet massa id lobortis convallis tortor
1,88,Associate Professor,at ipsum ac tellus semper interdum mauris ullamcorper purus sit
1,89,Statistician IV,libero ut massa volutpat convallis morbi odio odio elementum eu interdum eu tincidunt
1,90,Physical Therapy Assistant,sit amet diam in magna bibendum imperdiet nullam orci pede venenatis non sodales sed tincidunt eu felis
1,91,Graphic Designer,at feugiat non pretium quis lectus suspendisse potenti in eleifend quam a odio in hac habitasse platea dictumst maecenas ut
1,92,Quality Control Specialist,lectus in quam fringilla rhoncus mauris enim leo rhoncus sed vestibulum sit amet cursus id turpis integer aliquet massa
1,93,Accounting Assistant I,lectus suspendisse potenti in eleifend quam a odio in hac habitasse platea dictumst maecenas ut massa quis augue luctus
1,94,Senior Editor,nisi eu orci mauris lacinia sapien quis libero nullam sit amet turpis elementum ligula vehicula
1,95,Editor,sed magna at nunc commodo placerat praesent blandit nam nulla integer pede justo lacinia eget
1,96,Engineer II,in faucibus orci luctus et ultrices posuere cubilia curae nulla
1,97,Budget/Accounting Analyst IV,vel nulla eget eros elementum pellentesque quisque porta volutpat erat quisque erat eros viverra eget congue
1,98,General Manager,dictumst aliquam augue quam sollicitudin vitae consectetuer eget rutrum at lorem integer tincidunt ante vel ipsum praesent blandit
1,99,Marketing Manager,libero nullam sit amet turpis elementum ligula vehicula consequat morbi a
1,100,Mechanical Systems Engineer,natoque penatibus et magnis dis parturient montes nascetur ridiculus mus vivamus vestibulum sagittis sapien cum
